engineName,submissionDate,powerOutput,pressure,velocity,acceleration,weight,failure
engine_0,2021-12-04 10:28:18.054488,9,5,2,6,9,True
engine_1,2015-01-15 10:28:18.054488,2,3,8,1,4,True
engine_2,2020-11-17 10:28:18.054488,5,6,6,6,2,True
engine_3,2024-09-17 10:28:18.054488,2,4,10,5,2,True
engine_4,2016-12-09 10:28:18.054488,1,9,2,7,6,True
engine_5,2017-05-27 10:28:18.054488,8,6,9,4,3,True
engine_6,2017-06-09 10:28:18.054488,7,5,4,8,4,True
engine_7,2017-03-28 10:28:18.054488,9,4,4,9,1,True
engine_8,2024-09-25 10:28:18.054488,4,8,8,6,8,True
engine_9,2019-03-21 10:28:18.054488,4,4,8,10,1,True
engine_10,2017-11-27 10:28:18.054488,10,7,6,6,3,True
engine_11,2017-05-17 10:28:18.054488,10,8,9,5,10,True
engine_12,2023-06-30 10:28:18.054488,8,2,10,9,4,True
engine_13,2017-10-26 10:28:18.054488,1,4,6,1,10,True
engine_14,2017-11-05 10:28:18.054488,1,4,2,8,6,True
engine_15,2020-11-18 10:28:18.054488,5,9,3,5,2,False
engine_16,2019-04-30 10:28:18.054488,10,5,5,1,6,False
engine_17,2017-07-26 10:28:18.054488,1,2,5,2,9,True
engine_18,2021-11-17 10:28:18.054488,4,8,7,8,4,True
engine_19,2024-02-14 10:28:18.054488,5,6,10,10,8,True
engine_20,2018-09-14 10:28:18.054488,2,9,2,5,2,True
engine_21,2017-09-10 10:28:18.054488,3,4,6,2,6,True
engine_22,2016-08-21 10:28:18.054488,5,10,2,5,10,True
engine_23,2022-09-03 10:28:18.054488,8,2,3,8,10,True
engine_24,2019-05-19 10:28:18.054488,2,5,1,4,4,True
engine_25,2016-11-03 10:28:18.054488,3,6,8,2,7,True
engine_26,2020-02-24 10:28:18.054488,2,7,1,4,6,True
engine_27,2016-02-03 10:28:18.054488,7,7,9,5,8,True
engine_28,2022-11-13 10:28:18.054488,2,10,2,10,8,True
engine_29,2017-01-23 10:28:18.054488,6,10,7,8,5,True
engine_30,2020-06-26 10:28:18.054488,8,10,5,3,8,True
engine_31,2016-11-15 10:28:18.054488,6,7,10,6,1,True
engine_32,2024-07-20 10:28:18.054488,4,4,4,4,9,True
engine_33,2024-04-15 10:28:18.054488,7,1,1,9,4,True
engine_34,2018-06-20 10:28:18.054488,1,2,7,9,8,True
engine_35,2018-05-10 10:28:18.054488,8,9,2,9,10,True
engine_36,2024-07-17 10:28:18.054488,9,5,2,4,6,False
engine_37,2020-11-11 10:28:18.054488,9,4,5,3,1,False
engine_38,2023-06-11 10:28:18.054488,1,4,10,7,8,True
engine_39,2015-01-05 10:28:18.054488,5,4,4,5,1,False
engine_40,2019-12-13 10:28:18.054488,1,7,7,10,3,True
engine_41,2022-08-03 10:28:18.054488,6,1,10,7,1,True
engine_42,2024-01-23 10:28:18.054488,2,9,5,4,10,True
engine_43,2019-11-03 10:28:18.054488,5,2,3,1,3,True
engine_44,2022-08-23 10:28:18.054488,7,7,8,5,3,False
engine_45,2022-05-24 10:28:18.054488,9,3,1,4,5,False
engine_46,2017-08-30 10:28:18.054488,8,1,2,5,9,True
engine_47,2021-04-09 10:28:18.054488,4,8,8,1,6,False
engine_48,2016-11-04 10:28:18.054488,10,7,6,5,8,True
engine_49,2017-10-05 10:28:18.054488,10,2,9,5,5,True
engine_50,2022-09-24 10:28:18.054488,10,2,6,1,1,True
engine_51,2024-10-31 10:28:18.054488,3,4,1,9,2,True
engine_52,2024-02-15 10:28:18.054488,3,5,4,3,4,True
engine_53,2015-02-20 10:28:18.054488,7,3,5,2,7,False
engine_54,2019-10-02 10:28:18.054488,8,7,5,4,3,False
engine_55,2016-01-24 10:28:18.054488,8,5,3,3,2,False
engine_56,2020-01-02 10:28:18.054488,8,9,8,4,10,True
engine_57,2020-05-26 10:28:18.054488,8,5,5,6,9,True
engine_58,2022-01-11 10:28:18.054488,1,5,7,3,9,True
engine_59,2017-12-12 10:28:18.054488,9,8,9,6,10,True
engine_60,2019-05-07 10:28:18.054488,1,1,6,1,3,True
engine_61,2019-12-07 10:28:18.054488,6,3,1,10,9,True
engine_62,2020-04-22 10:28:18.054488,5,5,4,2,4,False
engine_63,2016-06-13 10:28:18.054488,5,4,1,2,4,False
engine_64,2017-05-12 10:28:18.054488,3,3,4,6,1,True
engine_65,2017-03-15 10:28:18.054488,1,3,3,6,1,True
engine_66,2015-07-25 10:28:18.054488,6,7,10,6,8,True
engine_67,2019-11-17 10:28:18.054488,10,10,8,2,5,False
engine_68,2015-09-28 10:28:18.054488,9,5,7,6,5,True
engine_69,2016-09-04 10:28:18.054488,7,7,7,5,1,False
engine_70,2015-07-22 10:28:18.054488,7,7,6,3,6,False
engine_71,2017-10-18 10:28:18.054488,6,10,3,9,4,True
engine_72,2015-05-27 10:28:18.054488,6,7,1,1,7,False
engine_73,2024-10-13 10:28:18.054488,7,3,2,4,9,True
engine_74,2020-04-13 10:28:18.054488,1,2,7,7,2,True
engine_75,2015-02-08 10:28:18.054488,1,1,2,4,7,True
engine_76,2016-07-08 10:28:18.054488,7,3,3,8,4,True
engine_77,2016-02-06 10:28:18.054488,7,2,10,9,3,True
engine_78,2023-11-08 10:28:18.054488,7,7,1,10,7,True
engine_79,2022-07-21 10:28:18.054488,3,4,3,1,7,True
engine_80,2021-09-29 10:28:18.054488,8,10,2,4,3,False
engine_81,2021-09-11 10:28:18.054488,5,9,10,4,2,True
engine_82,2024-08-13 10:28:18.054488,8,9,3,7,8,True
engine_83,2019-06-11 10:28:18.054488,3,3,9,8,1,True
engine_84,2024-02-17 10:28:18.054488,10,6,6,1,8,True
engine_85,2015-11-09 10:28:18.054488,1,8,4,10,10,True
engine_86,2021-06-12 10:28:18.054488,2,9,9,8,10,True
engine_87,2022-08-06 10:28:18.054488,4,2,7,4,2,True
engine_88,2020-08-17 10:28:18.054488,9,3,8,2,1,False
engine_89,2022-04-12 10:28:18.054488,4,10,10,5,4,True
engine_90,2022-06-07 10:28:18.054488,5,5,1,9,3,True
engine_91,2023-05-11 10:28:18.054488,2,2,5,10,8,True
engine_92,2016-07-13 10:28:18.054488,8,2,7,6,2,True
engine_93,2016-11-20 10:28:18.054488,10,4,10,2,10,True
engine_94,2019-03-04 10:28:18.054488,7,6,7,7,1,True
engine_95,2023-09-10 10:28:18.054488,1,2,1,8,8,True
engine_96,2019-01-03 10:28:18.054488,10,8,8,7,1,True
engine_97,2016-09-04 10:28:18.054488,1,2,5,4,5,True
engine_98,2016-07-09 10:28:18.054488,5,6,2,4,7,False
engine_99,2019-10-12 10:28:18.054488,7,8,7,4,7,False
engine_100,2020-10-19 10:28:18.054488,1,5,5,4,2,True
engine_101,2017-06-25 10:28:18.054488,6,6,8,1,1,False
engine_102,2024-09-08 10:28:18.054488,1,5,3,1,8,True
engine_103,2015-12-08 10:28:18.054488,5,7,6,10,3,True
engine_104,2015-03-25 10:28:18.054488,9,7,7,4,6,False
engine_105,2015-02-20 10:28:18.054488,7,8,1,1,8,True
engine_106,2014-12-07 10:28:18.054488,2,3,8,3,3,True
engine_107,2016-04-02 10:28:18.054488,8,2,9,9,2,True
engine_108,2024-01-24 10:28:18.054488,7,3,9,1,8,True
engine_109,2016-12-26 10:28:18.054488,5,1,5,6,5,True
engine_110,2024-07-08 10:28:18.054488,2,8,7,7,3,True
engine_111,2020-12-11 10:28:18.054488,10,8,8,2,5,False
engine_112,2015-10-05 10:28:18.054488,7,5,4,3,9,True
engine_113,2020-12-14 10:28:18.054488,5,10,2,8,7,True
engine_114,2018-06-04 10:28:18.054488,6,10,7,9,10,True
engine_115,2015-10-16 10:28:18.054488,4,1,8,10,1,True
engine_116,2017-06-10 10:28:18.054488,8,6,1,9,10,True
engine_117,2017-09-14 10:28:18.054488,7,8,1,2,7,False
engine_118,2024-07-23 10:28:18.054488,8,6,8,3,6,False
engine_119,2015-03-06 10:28:18.054488,6,4,8,4,3,False
engine_120,2015-08-10 10:28:18.054488,4,7,3,9,5,True
engine_121,2015-06-03 10:28:18.054488,7,9,3,3,4,False
engine_122,2023-02-05 10:28:18.054488,8,10,5,5,3,False
engine_123,2022-12-02 10:28:18.054488,6,2,10,7,6,True
engine_124,2018-03-21 10:28:18.054488,7,8,10,4,9,True
engine_125,2016-12-06 10:28:18.054488,9,9,5,5,2,False
engine_126,2021-02-24 10:28:18.054488,9,7,7,3,3,False
engine_127,2023-09-09 10:28:18.054488,7,9,10,6,3,True
engine_128,2021-06-22 10:28:18.054488,4,8,7,10,3,True
engine_129,2022-12-31 10:28:18.054488,7,3,7,6,1,True
engine_130,2017-09-22 10:28:18.054488,7,10,4,1,2,False
engine_131,2023-02-10 10:28:18.054488,1,4,8,2,9,True
engine_132,2016-04-09 10:28:18.054488,2,9,7,3,6,True
engine_133,2015-12-10 10:28:18.054488,4,9,10,1,4,True
engine_134,2016-02-14 10:28:18.054488,6,9,2,10,10,True
engine_135,2019-11-11 10:28:18.054488,2,2,7,10,7,True
engine_136,2022-10-04 10:28:18.054488,10,3,5,6,2,True
engine_137,2015-01-04 10:28:18.054488,4,6,3,1,7,False
engine_138,2017-05-07 10:28:18.054488,3,2,4,1,5,True
engine_139,2016-10-22 10:28:18.054488,9,2,3,9,7,True
engine_140,2016-02-18 10:28:18.054488,7,1,7,7,9,True
engine_141,2022-08-23 10:28:18.054488,1,8,6,5,1,True
engine_142,2023-04-16 10:28:18.054488,10,7,1,4,5,False
engine_143,2021-03-21 10:28:18.054488,4,7,8,9,9,True
engine_144,2020-08-26 10:28:18.054488,6,5,3,10,9,True
engine_145,2023-12-12 10:28:18.054488,4,4,7,7,5,True
engine_146,2024-06-22 10:28:18.054488,6,4,6,2,2,False
engine_147,2021-05-14 10:28:18.054488,9,1,5,1,9,True
engine_148,2021-10-20 10:28:18.054488,5,8,10,6,10,True
engine_149,2024-06-15 10:28:18.054488,7,1,7,3,5,True
engine_150,2019-04-03 10:28:18.054488,9,5,3,2,5,False
engine_151,2020-07-12 10:28:18.054488,10,7,8,5,4,False
engine_152,2015-06-07 10:28:18.054488,7,6,3,5,10,True
engine_153,2016-01-07 10:28:18.054488,3,4,10,3,4,True
engine_154,2021-12-16 10:28:18.054488,8,9,8,4,3,False
engine_155,2016-02-26 10:28:18.054488,9,6,6,1,10,True
engine_156,2015-06-05 10:28:18.054488,10,6,10,9,9,True
engine_157,2023-09-07 10:28:18.054488,9,8,7,9,2,True
engine_158,2017-04-23 10:28:18.054488,10,4,2,4,2,False
engine_159,2019-12-01 10:28:18.054488,2,9,2,8,3,True
engine_160,2024-09-27 10:28:18.054488,7,9,5,9,1,True
engine_161,2023-08-20 10:28:18.054488,7,5,10,5,7,True
engine_162,2018-09-22 10:28:18.054488,1,5,9,7,2,True
engine_163,2022-08-31 10:28:18.054488,2,7,5,5,10,True
engine_164,2024-06-19 10:28:18.054488,4,6,7,4,9,True
engine_165,2017-05-30 10:28:18.054488,10,5,7,10,10,True
engine_166,2023-08-06 10:28:18.054488,4,9,7,9,6,True
engine_167,2024-07-15 10:28:18.054488,3,1,6,10,9,True
engine_168,2015-10-12 10:28:18.054488,8,2,3,2,7,True
engine_169,2023-11-30 10:28:18.054488,3,4,8,3,5,True
engine_170,2021-01-27 10:28:18.054488,7,9,1,10,6,True
engine_171,2024-07-20 10:28:18.054488,6,5,3,7,9,True
engine_172,2017-08-14 10:28:18.054488,2,8,4,8,6,True
engine_173,2024-10-06 10:28:18.054488,9,5,10,6,1,True
engine_174,2017-09-29 10:28:18.054488,6,3,9,2,2,True
engine_175,2020-09-27 10:28:18.054488,8,7,2,5,10,True
engine_176,2020-07-17 10:28:18.054488,9,4,9,6,10,True
engine_177,2018-12-17 10:28:18.054488,2,5,1,8,2,True
engine_178,2023-03-19 10:28:18.054488,3,1,10,7,4,True
engine_179,2022-05-23 10:28:18.054488,6,5,3,2,3,False
engine_180,2015-02-02 10:28:18.054488,5,2,8,1,5,True
engine_181,2017-10-10 10:28:18.054488,6,1,4,9,9,True
engine_182,2017-06-16 10:28:18.054488,8,1,3,8,2,True
engine_183,2019-08-18 10:28:18.054488,4,10,10,9,6,True
engine_184,2018-01-08 10:28:18.054488,2,5,5,10,9,True
engine_185,2022-04-01 10:28:18.054488,3,5,9,7,10,True
engine_186,2023-12-13 10:28:18.054488,3,1,8,6,6,True
engine_187,2018-08-19 10:28:18.054488,10,9,4,9,3,True
engine_188,2020-10-29 10:28:18.054488,1,5,1,8,5,True
engine_189,2023-01-04 10:28:18.054488,10,7,6,3,1,False
engine_190,2015-05-22 10:28:18.054488,5,1,5,9,4,True
engine_191,2021-04-11 10:28:18.054488,8,10,10,8,7,True
engine_192,2021-07-30 10:28:18.054488,8,3,1,8,10,True
engine_193,2014-12-28 10:28:18.054488,8,10,7,2,1,False
engine_194,2022-02-10 10:28:18.054488,10,1,8,9,4,True
engine_195,2022-05-10 10:28:18.054488,4,1,6,4,1,True
engine_196,2021-03-27 10:28:18.054488,3,7,10,7,1,True
engine_197,2024-10-18 10:28:18.054488,4,5,8,7,5,True
engine_198,2023-09-21 10:28:18.054488,3,4,9,2,10,True
engine_199,2021-03-23 10:28:18.054488,4,4,6,10,3,True
engine_200,2020-09-06 10:28:18.054488,5,4,7,5,5,False
engine_201,2023-03-02 10:28:18.054488,6,2,2,3,6,True
engine_202,2022-06-10 10:28:18.054488,3,7,1,2,7,True
engine_203,2018-05-26 10:28:18.054488,2,6,6,6,7,True
engine_204,2015-11-11 10:28:18.054488,6,6,9,7,3,True
engine_205,2015-06-11 10:28:18.054488,10,5,1,5,2,False
engine_206,2020-10-23 10:28:18.054488,2,7,5,5,5,True
engine_207,2024-09-21 10:28:18.054488,6,7,2,9,10,True
engine_208,2023-07-08 10:28:18.054488,4,2,5,10,1,True
engine_209,2018-10-18 10:28:18.054488,9,2,4,4,10,True
engine_210,2019-10-10 10:28:18.054488,2,6,7,8,4,True
engine_211,2020-07-25 10:28:18.054488,1,3,7,7,8,True
engine_212,2017-09-06 10:28:18.054488,2,7,4,7,9,True
engine_213,2023-03-14 10:28:18.054488,4,5,4,4,6,False
engine_214,2020-10-11 10:28:18.054488,1,5,9,1,9,True
engine_215,2020-05-03 10:28:18.054488,8,10,4,5,7,False
engine_216,2017-04-24 10:28:18.054488,9,2,8,6,1,True
engine_217,2016-10-23 10:28:18.054488,4,2,6,5,10,True
engine_218,2024-10-07 10:28:18.054488,5,9,5,7,8,True
engine_219,2015-08-13 10:28:18.054488,9,5,2,3,8,True
engine_220,2024-04-21 10:28:18.054488,2,1,8,4,7,True
engine_221,2016-09-06 10:28:18.054488,1,10,3,7,6,True
engine_222,2020-06-04 10:28:18.054488,4,8,10,2,4,True
engine_223,2021-07-22 10:28:18.054488,1,6,9,10,4,True
engine_224,2024-09-07 10:28:18.054488,4,1,3,8,1,True
engine_225,2017-10-18 10:28:18.054488,5,9,9,9,3,True
engine_226,2016-08-31 10:28:18.054488,4,2,2,9,7,True
engine_227,2018-04-14 10:28:18.054488,6,2,1,7,1,True
engine_228,2017-10-18 10:28:18.054488,3,10,3,6,10,True
engine_229,2022-03-19 10:28:18.054488,3,10,2,7,5,True
engine_230,2018-01-13 10:28:18.054488,2,1,3,1,1,True
engine_231,2015-05-11 10:28:18.054488,7,6,3,5,2,False
engine_232,2017-01-18 10:28:18.054488,9,1,7,8,6,True
engine_233,2022-12-10 10:28:18.054488,4,6,10,8,8,True
engine_234,2017-08-20 10:28:18.054488,9,7,3,6,1,True
engine_235,2022-05-05 10:28:18.054488,1,6,6,8,5,True
engine_236,2023-01-31 10:28:18.054488,4,9,1,6,1,True
engine_237,2023-12-24 10:28:18.054488,1,10,8,2,1,True
engine_238,2022-01-29 10:28:18.054488,4,2,8,5,6,True
engine_239,2020-03-05 10:28:18.054488,10,5,3,1,8,True
engine_240,2015-07-16 10:28:18.054488,7,2,8,7,1,True
engine_241,2016-06-15 10:28:18.054488,3,5,3,2,3,True
engine_242,2021-11-27 10:28:18.054488,4,8,3,10,1,True
engine_243,2018-08-11 10:28:18.054488,10,4,9,8,7,True
engine_244,2017-05-14 10:28:18.054488,3,2,6,9,7,True
engine_245,2023-06-18 10:28:18.054488,8,1,3,5,5,True
engine_246,2021-01-10 10:28:18.054488,4,6,10,5,9,True
engine_247,2017-07-09 10:28:18.054488,1,7,2,10,5,True
engine_248,2024-09-18 10:28:18.054488,6,6,1,10,6,True
engine_249,2015-04-30 10:28:18.054488,10,2,4,6,3,True
engine_250,2018-05-19 10:28:18.054488,7,2,1,5,6,True
engine_251,2022-09-05 10:28:18.054488,7,8,6,1,10,True
engine_252,2018-04-04 10:28:18.054488,10,6,2,4,5,False
engine_253,2021-01-27 10:28:18.054488,5,7,2,9,9,True
engine_254,2021-04-02 10:28:18.054488,6,9,9,2,1,True
engine_255,2021-12-23 10:28:18.054488,9,2,8,6,8,True
engine_256,2020-03-28 10:28:18.054488,1,3,4,1,2,True
engine_257,2017-11-21 10:28:18.054488,5,1,9,9,6,True
engine_258,2017-07-11 10:28:18.054488,10,9,6,6,10,True
engine_259,2022-03-12 10:28:18.054488,4,3,7,10,8,True
engine_260,2021-09-09 10:28:18.054488,7,6,6,8,1,True
engine_261,2019-03-21 10:28:18.054488,9,6,6,9,1,True
engine_262,2021-05-02 10:28:18.054488,6,5,4,1,5,False
engine_263,2020-10-17 10:28:18.054488,10,8,3,10,1,True
engine_264,2020-07-20 10:28:18.054488,6,6,9,5,1,True
engine_265,2018-06-08 10:28:18.054488,1,5,4,6,2,True
engine_266,2021-05-14 10:28:18.054488,6,6,7,6,2,True
engine_267,2021-03-18 10:28:18.054488,3,9,3,8,8,True
engine_268,2020-12-05 10:28:18.054488,5,4,6,6,4,True
engine_269,2015-12-10 10:28:18.054488,7,5,5,10,3,True
engine_270,2015-06-17 10:28:18.054488,10,3,4,3,3,False
engine_271,2018-08-29 10:28:18.054488,3,3,1,4,4,True
engine_272,2015-07-02 10:28:18.054488,8,1,9,5,8,True
engine_273,2016-11-19 10:28:18.054488,10,6,4,1,7,False
engine_274,2017-10-09 10:28:18.054488,6,9,9,9,7,True
engine_275,2016-06-07 10:28:18.054488,5,3,1,1,4,False
engine_276,2016-03-06 10:28:18.054488,8,2,8,9,5,True
engine_277,2023-02-15 10:28:18.054488,8,3,6,3,10,True
engine_278,2016-06-05 10:28:18.054488,6,4,6,7,9,True
engine_279,2021-08-08 10:28:18.054488,2,2,10,2,8,True
engine_280,2023-09-30 10:28:18.054488,6,5,6,5,7,False
engine_281,2023-10-04 10:28:18.054488,5,7,8,10,4,True
engine_282,2016-07-21 10:28:18.054488,5,10,5,10,9,True
engine_283,2016-01-27 10:28:18.054488,6,1,2,8,9,True
engine_284,2015-12-19 10:28:18.054488,8,6,7,1,8,True
engine_285,2021-12-09 10:28:18.054488,10,1,7,10,1,True
engine_286,2021-03-31 10:28:18.054488,6,6,8,4,2,False
engine_287,2020-04-20 10:28:18.054488,2,6,3,10,3,True
engine_288,2016-06-08 10:28:18.054488,1,4,8,10,2,True
engine_289,2022-11-25 10:28:18.054488,7,3,10,5,1,True
engine_290,2022-06-14 10:28:18.054488,10,9,4,4,8,True
engine_291,2022-10-01 10:28:18.054488,9,4,3,2,10,True
engine_292,2015-01-22 10:28:18.054488,8,4,2,4,1,False
engine_293,2021-05-12 10:28:18.054488,7,1,7,9,4,True
engine_294,2021-07-19 10:28:18.054488,2,6,9,2,5,True
engine_295,2014-11-29 10:28:18.054488,8,6,9,2,3,True
engine_296,2018-01-16 10:28:18.054488,7,10,1,1,7,False
engine_297,2019-01-27 10:28:18.054488,3,5,1,5,5,True
engine_298,2019-08-06 10:28:18.054488,2,4,6,6,7,True
engine_299,2018-05-19 10:28:18.054488,5,3,10,2,9,True
engine_300,2018-01-29 10:28:18.054488,9,2,8,3,6,True
engine_301,2019-05-04 10:28:18.054488,8,9,3,7,9,True
engine_302,2015-05-31 10:28:18.054488,8,6,4,5,2,False
engine_303,2022-07-23 10:28:18.054488,5,6,9,6,7,True
engine_304,2017-03-09 10:28:18.054488,2,1,3,5,8,True
engine_305,2019-12-18 10:28:18.054488,6,5,8,10,5,True
engine_306,2022-07-21 10:28:18.054488,1,8,6,7,6,True
engine_307,2015-07-15 10:28:18.054488,9,6,3,1,8,True
engine_308,2017-02-09 10:28:18.054488,6,3,6,7,2,True
engine_309,2024-02-25 10:28:18.054488,9,4,10,8,5,True
engine_310,2017-12-11 10:28:18.054488,3,3,6,6,7,True
engine_311,2021-08-14 10:28:18.054488,9,9,4,2,10,True
engine_312,2015-08-14 10:28:18.054488,10,7,3,6,6,True
engine_313,2016-09-24 10:28:18.054488,5,4,4,9,6,True
engine_314,2018-12-16 10:28:18.054488,5,8,6,4,6,False
engine_315,2024-03-27 10:28:18.054488,2,4,6,2,1,True
engine_316,2021-11-09 10:28:18.054488,5,3,10,3,8,True
engine_317,2017-12-03 10:28:18.054488,8,3,6,1,4,False
engine_318,2015-11-20 10:28:18.054488,3,10,4,6,8,True
engine_319,2021-07-07 10:28:18.054488,5,9,4,5,10,True
engine_320,2017-03-11 10:28:18.054488,10,6,1,4,6,False
engine_321,2015-12-10 10:28:18.054488,8,9,4,4,1,False
engine_322,2018-12-19 10:28:18.054488,3,4,5,2,5,True
engine_323,2023-11-29 10:28:18.054488,1,1,6,5,1,True
engine_324,2022-12-16 10:28:18.054488,10,5,2,3,3,False
engine_325,2015-12-19 10:28:18.054488,2,7,2,9,1,True
engine_326,2021-01-15 10:28:18.054488,8,1,1,10,2,True
engine_327,2017-10-08 10:28:18.054488,1,8,1,9,8,True
engine_328,2022-12-17 10:28:18.054488,10,9,7,6,1,True
engine_329,2022-09-22 10:28:18.054488,8,6,7,9,4,True
engine_330,2023-05-04 10:28:18.054488,10,2,1,7,3,True
engine_331,2019-02-10 10:28:18.054488,2,5,8,10,4,True
engine_332,2015-05-14 10:28:18.054488,8,10,4,6,8,True
engine_333,2015-03-02 10:28:18.054488,4,6,4,8,8,True
engine_334,2020-09-05 10:28:18.054488,4,10,6,5,10,True
engine_335,2017-11-29 10:28:18.054488,5,5,8,4,5,False
engine_336,2019-04-03 10:28:18.054488,5,7,5,4,5,False
engine_337,2017-03-09 10:28:18.054488,7,9,10,3,6,True
engine_338,2020-06-30 10:28:18.054488,9,4,8,2,5,False
engine_339,2019-04-25 10:28:18.054488,8,1,3,10,7,True
engine_340,2021-04-05 10:28:18.054488,8,10,9,9,9,True
engine_341,2023-04-29 10:28:18.054488,8,6,5,6,7,True
engine_342,2019-06-16 10:28:18.054488,2,1,3,2,6,True
engine_343,2017-08-08 10:28:18.054488,2,2,2,4,6,True
engine_344,2018-04-01 10:28:18.054488,5,1,3,7,3,True
engine_345,2018-02-21 10:28:18.054488,4,5,3,2,7,False
engine_346,2019-03-04 10:28:18.054488,9,4,9,9,9,True
engine_347,2024-09-05 10:28:18.054488,9,6,5,9,4,True
engine_348,2022-12-08 10:28:18.054488,8,8,1,4,2,False
engine_349,2020-06-22 10:28:18.054488,4,1,8,3,8,True
engine_350,2018-03-24 10:28:18.054488,3,3,4,6,2,True
engine_351,2020-02-18 10:28:18.054488,6,4,6,7,2,True
engine_352,2021-07-19 10:28:18.054488,3,6,8,3,5,True
engine_353,2022-01-24 10:28:18.054488,9,4,3,10,2,True
engine_354,2022-02-22 10:28:18.054488,2,8,6,6,7,True
engine_355,2017-12-19 10:28:18.054488,5,3,10,2,9,True
engine_356,2015-07-20 10:28:18.054488,4,3,1,9,1,True
engine_357,2020-03-03 10:28:18.054488,5,9,9,7,1,True
engine_358,2021-07-29 10:28:18.054488,3,3,7,10,7,True
engine_359,2015-02-25 10:28:18.054488,7,1,7,6,1,True
engine_360,2021-10-08 10:28:18.054488,9,1,2,10,4,True
engine_361,2023-09-21 10:28:18.054488,8,10,2,3,5,False
engine_362,2023-03-17 10:28:18.054488,7,1,8,3,1,True
engine_363,2023-05-08 10:28:18.054488,9,3,6,9,1,True
engine_364,2023-09-29 10:28:18.054488,8,2,4,9,9,True
engine_365,2015-07-01 10:28:18.054488,8,8,10,3,8,True
engine_366,2020-02-05 10:28:18.054488,2,10,7,2,1,True
engine_367,2018-01-04 10:28:18.054488,3,4,2,4,1,True
engine_368,2019-02-16 10:28:18.054488,2,8,3,3,4,True
engine_369,2018-06-27 10:28:18.054488,10,4,5,5,7,False
engine_370,2023-08-10 10:28:18.054488,10,2,2,5,8,True
engine_371,2023-08-20 10:28:18.054488,4,8,7,3,6,False
engine_372,2019-12-09 10:28:18.054488,2,7,2,6,7,True
engine_373,2022-08-27 10:28:18.054488,7,6,10,8,4,True
engine_374,2021-10-14 10:28:18.054488,2,9,5,10,7,True
engine_375,2019-03-04 10:28:18.054488,2,8,9,1,4,True
engine_376,2023-10-11 10:28:18.054488,3,4,9,4,9,True
engine_377,2018-12-03 10:28:18.054488,3,6,1,4,5,True
engine_378,2020-01-20 10:28:18.054488,4,7,8,7,7,True
engine_379,2016-10-27 10:28:18.054488,3,2,2,1,5,True
engine_380,2020-10-01 10:28:18.054488,4,10,9,9,4,True
engine_381,2023-02-17 10:28:18.054488,7,4,4,3,1,False
engine_382,2015-08-16 10:28:18.054488,10,1,5,8,1,True
engine_383,2023-04-20 10:28:18.054488,3,6,9,5,6,True
engine_384,2015-07-05 10:28:18.054488,3,1,7,1,10,True
engine_385,2018-01-27 10:28:18.054488,7,8,10,5,2,True
engine_386,2020-11-20 10:28:18.054488,6,5,7,8,1,True
engine_387,2018-04-11 10:28:18.054488,3,3,2,5,9,True
engine_388,2017-05-10 10:28:18.054488,5,4,2,4,3,False
engine_389,2021-10-18 10:28:18.054488,2,6,7,1,7,True
engine_390,2021-02-20 10:28:18.054488,2,10,3,4,4,True
engine_391,2015-07-29 10:28:18.054488,1,4,2,10,5,True
engine_392,2023-11-04 10:28:18.054488,8,1,10,2,1,True
engine_393,2017-03-29 10:28:18.054488,1,1,1,8,1,True
engine_394,2015-12-07 10:28:18.054488,6,6,9,9,1,True
engine_395,2019-06-09 10:28:18.054488,8,3,5,2,7,False
engine_396,2020-08-23 10:28:18.054488,5,1,1,4,7,True
engine_397,2016-03-06 10:28:18.054488,1,3,4,5,8,True
engine_398,2021-11-04 10:28:18.054488,7,2,4,6,1,True
engine_399,2024-09-02 10:28:18.054488,10,7,4,7,9,True
engine_400,2022-04-05 10:28:18.054488,4,2,8,2,10,True
engine_401,2016-11-20 10:28:18.054488,4,9,6,9,1,True
engine_402,2016-04-10 10:28:18.054488,4,5,5,7,5,True
engine_403,2023-10-30 10:28:18.054488,4,9,1,6,1,True
engine_404,2018-09-02 10:28:18.054488,10,9,7,8,8,True
engine_405,2024-07-28 10:28:18.054488,2,6,10,1,5,True
engine_406,2020-11-21 10:28:18.054488,10,4,1,5,6,False
engine_407,2021-11-18 10:28:18.054488,3,9,7,5,9,True
engine_408,2024-04-19 10:28:18.054488,10,7,9,10,2,True
engine_409,2019-01-03 10:28:18.054488,2,5,4,3,7,True
engine_410,2022-06-30 10:28:18.054488,1,8,6,10,7,True
engine_411,2018-04-04 10:28:18.054488,1,8,10,7,3,True
engine_412,2020-02-06 10:28:18.054488,1,2,8,3,4,True
engine_413,2020-12-10 10:28:18.054488,3,6,10,10,7,True
engine_414,2019-06-04 10:28:18.054488,7,3,1,6,8,True
engine_415,2024-10-17 10:28:18.054488,4,8,8,2,7,False
engine_416,2023-07-15 10:28:18.054488,3,7,2,3,7,True
engine_417,2015-06-17 10:28:18.054488,7,4,3,7,8,True
engine_418,2016-04-05 10:28:18.054488,9,2,5,3,7,True
engine_419,2024-09-30 10:28:18.054488,2,1,2,5,3,True
engine_420,2016-10-24 10:28:18.054488,5,6,6,2,4,False
engine_421,2015-09-05 10:28:18.054488,10,6,5,9,5,True
engine_422,2015-01-29 10:28:18.054488,5,7,1,9,6,True
engine_423,2019-03-12 10:28:18.054488,1,7,8,4,6,True
engine_424,2016-10-22 10:28:18.054488,3,9,7,10,2,True
engine_425,2016-12-21 10:28:18.054488,5,10,9,9,9,True
engine_426,2019-01-05 10:28:18.054488,4,9,8,2,2,False
engine_427,2019-10-16 10:28:18.054488,4,9,7,4,5,False
engine_428,2016-06-15 10:28:18.054488,5,4,10,9,6,True
engine_429,2018-04-30 10:28:18.054488,3,6,10,10,3,True
engine_430,2021-06-12 10:28:18.054488,9,1,7,7,10,True
engine_431,2016-08-13 10:28:18.054488,9,8,2,7,4,True
engine_432,2016-06-16 10:28:18.054488,1,5,10,1,4,True
engine_433,2021-02-18 10:28:18.054488,9,6,10,6,3,True
engine_434,2020-02-14 10:28:18.054488,5,8,2,4,4,False
engine_435,2024-01-30 10:28:18.054488,3,10,6,10,4,True
engine_436,2020-09-08 10:28:18.054488,5,9,4,5,4,False
engine_437,2016-01-27 10:28:18.054488,1,1,6,5,4,True
engine_438,2022-04-08 10:28:18.054488,7,7,3,2,1,False
engine_439,2019-11-26 10:28:18.054488,8,4,8,10,4,True
engine_440,2017-07-22 10:28:18.054488,10,10,5,6,9,True
engine_441,2022-05-21 10:28:18.054488,6,1,6,9,3,True
engine_442,2018-04-08 10:28:18.054488,1,3,3,10,2,True
engine_443,2021-09-20 10:28:18.054488,5,5,6,4,7,False
engine_444,2024-08-09 10:28:18.054488,10,10,8,5,8,True
engine_445,2015-01-07 10:28:18.054488,5,4,8,7,8,True
engine_446,2016-05-08 10:28:18.054488,8,1,3,2,6,True
engine_447,2022-03-23 10:28:18.054488,8,1,7,5,3,True
engine_448,2023-12-17 10:28:18.054488,9,9,10,4,1,True
engine_449,2016-12-13 10:28:18.054488,7,7,8,10,3,True
engine_450,2015-05-30 10:28:18.054488,3,4,9,7,10,True
engine_451,2015-06-04 10:28:18.054488,3,8,1,8,1,True
engine_452,2024-03-11 10:28:18.054488,7,1,9,3,9,True
engine_453,2015-04-14 10:28:18.054488,7,2,9,6,4,True
engine_454,2017-05-26 10:28:18.054488,4,2,3,7,8,True
engine_455,2016-02-09 10:28:18.054488,3,10,9,10,1,True
engine_456,2020-04-24 10:28:18.054488,4,6,2,8,8,True
engine_457,2022-04-02 10:28:18.054488,3,3,9,9,2,True
engine_458,2015-09-15 10:28:18.054488,2,3,1,7,5,True
engine_459,2017-06-06 10:28:18.054488,9,7,9,10,8,True
engine_460,2016-03-19 10:28:18.054488,9,9,3,10,6,True
engine_461,2022-09-14 10:28:18.054488,5,8,2,3,9,True
engine_462,2023-06-11 10:28:18.054488,8,8,1,10,10,True
engine_463,2016-05-27 10:28:18.054488,4,5,6,6,3,True
engine_464,2019-11-05 10:28:18.054488,8,2,4,2,1,True
engine_465,2023-03-08 10:28:18.054488,7,8,3,5,1,False
engine_466,2017-07-06 10:28:18.054488,5,5,2,4,6,False
engine_467,2022-10-20 10:28:18.054488,9,6,4,4,9,True
engine_468,2021-03-16 10:28:18.054488,6,9,5,5,5,False
engine_469,2024-04-05 10:28:18.054488,8,10,10,3,6,True
engine_470,2021-06-18 10:28:18.054488,2,1,10,2,3,True
engine_471,2022-08-13 10:28:18.054488,1,6,7,9,5,True
engine_472,2023-05-02 10:28:18.054488,9,10,3,1,9,True
engine_473,2018-01-08 10:28:18.054488,5,3,2,8,6,True
engine_474,2016-10-24 10:28:18.054488,2,1,5,1,6,True
engine_475,2015-07-24 10:28:18.054488,9,9,7,1,10,True
engine_476,2021-04-15 10:28:18.054488,10,3,4,4,4,False
engine_477,2019-11-17 10:28:18.054488,3,1,4,5,7,True
engine_478,2016-02-20 10:28:18.054488,6,1,5,10,8,True
engine_479,2018-11-03 10:28:18.054488,5,10,7,2,7,False
engine_480,2015-07-20 10:28:18.054488,9,2,6,5,3,True
engine_481,2023-07-18 10:28:18.054488,6,8,6,3,5,False
engine_482,2019-12-22 10:28:18.054488,6,5,6,2,6,False
engine_483,2016-10-17 10:28:18.054488,4,6,1,10,7,True
engine_484,2018-10-20 10:28:18.054488,6,5,4,10,5,True
engine_485,2023-03-23 10:28:18.054488,6,9,9,1,7,True
engine_486,2019-11-06 10:28:18.054488,8,5,6,3,10,True
engine_487,2023-01-27 10:28:18.054488,10,9,5,5,8,True
engine_488,2015-07-19 10:28:18.054488,5,7,4,5,6,False
engine_489,2019-07-05 10:28:18.054488,4,5,2,1,9,True
engine_490,2015-05-17 10:28:18.054488,4,3,1,7,4,True
engine_491,2023-03-31 10:28:18.054488,1,6,3,1,2,True
engine_492,2019-05-20 10:28:18.054488,8,3,9,7,3,True
engine_493,2017-06-04 10:28:18.054488,8,5,9,6,10,True
engine_494,2016-06-22 10:28:18.054488,7,5,4,7,2,True
engine_495,2018-06-06 10:28:18.054488,3,4,2,6,7,True
engine_496,2020-07-04 10:28:18.054488,6,6,6,9,4,True
engine_497,2016-06-23 10:28:18.054488,9,9,10,7,9,True
engine_498,2015-04-23 10:28:18.054488,6,1,4,5,9,True
engine_499,2015-02-01 10:28:18.054488,1,1,1,6,2,True
engine_500,2024-07-11 10:28:18.054488,2,5,7,9,7,True
engine_501,2019-08-27 10:28:18.054488,10,4,10,7,7,True
engine_502,2014-12-19 10:28:18.054488,7,8,4,7,7,True
engine_503,2020-10-06 10:28:18.054488,5,2,3,6,1,True
engine_504,2015-04-23 10:28:18.054488,5,8,7,2,5,False
engine_505,2020-12-26 10:28:18.054488,1,3,2,5,3,True
engine_506,2024-09-03 10:28:18.054488,3,6,10,7,5,True
engine_507,2018-01-15 10:28:18.054488,6,1,8,6,6,True
engine_508,2019-04-20 10:28:18.054488,2,5,10,4,6,True
engine_509,2023-02-23 10:28:18.054488,1,1,5,8,6,True
engine_510,2016-02-07 10:28:18.054488,5,3,3,8,9,True
engine_511,2016-06-24 10:28:18.054488,4,4,2,4,3,False
engine_512,2016-03-23 10:28:18.054488,1,4,3,4,2,True
engine_513,2015-08-30 10:28:18.054488,8,3,9,1,9,True
engine_514,2024-02-06 10:28:18.054488,7,3,3,6,10,True
engine_515,2015-09-04 10:28:18.054488,2,4,7,5,2,True
engine_516,2018-04-21 10:28:18.054488,7,9,5,9,3,True
engine_517,2024-03-10 10:28:18.054488,3,9,8,8,7,True
engine_518,2015-04-20 10:28:18.054488,6,4,1,4,6,False
engine_519,2017-03-05 10:28:18.054488,2,10,1,8,5,True
engine_520,2020-06-09 10:28:18.054488,3,5,9,10,6,True
engine_521,2022-01-18 10:28:18.054488,9,5,10,7,7,True
engine_522,2021-09-29 10:28:18.054488,4,8,6,9,2,True
engine_523,2017-09-30 10:28:18.054488,8,5,9,1,6,True
engine_524,2017-03-01 10:28:18.054488,9,5,6,10,9,True
engine_525,2020-02-25 10:28:18.054488,6,1,2,10,5,True
engine_526,2016-08-29 10:28:18.054488,8,2,4,4,7,True
engine_527,2021-05-30 10:28:18.054488,9,8,7,9,2,True
engine_528,2019-08-07 10:28:18.054488,6,9,10,2,3,True
engine_529,2020-05-30 10:28:18.054488,9,6,8,8,3,True
engine_530,2015-11-01 10:28:18.054488,9,1,1,2,1,True
engine_531,2021-05-19 10:28:18.054488,6,7,7,5,3,False
engine_532,2023-10-20 10:28:18.054488,2,3,1,8,7,True
engine_533,2018-03-05 10:28:18.054488,1,3,2,9,4,True
engine_534,2020-06-18 10:28:18.054488,4,10,3,2,2,False
engine_535,2021-01-17 10:28:18.054488,3,2,1,9,9,True
engine_536,2016-07-08 10:28:18.054488,5,1,7,4,5,True
engine_537,2024-03-23 10:28:18.054488,3,4,1,2,1,True
engine_538,2024-05-08 10:28:18.054488,5,6,10,1,2,True
engine_539,2022-12-03 10:28:18.054488,7,6,7,1,2,False
engine_540,2017-09-13 10:28:18.054488,4,5,5,8,2,True
engine_541,2016-04-17 10:28:18.054488,9,7,6,8,1,True
engine_542,2016-06-26 10:28:18.054488,3,2,7,3,8,True
engine_543,2024-10-24 10:28:18.054488,10,8,4,9,2,True
engine_544,2023-11-29 10:28:18.054488,7,2,4,9,10,True
engine_545,2018-05-26 10:28:18.054488,9,2,9,7,8,True
engine_546,2021-09-30 10:28:18.054488,3,4,5,3,8,True
engine_547,2022-10-06 10:28:18.054488,8,3,3,2,8,True
engine_548,2015-12-31 10:28:18.054488,1,2,7,7,6,True
engine_549,2019-12-12 10:28:18.054488,4,4,10,8,5,True
engine_550,2022-09-16 10:28:18.054488,5,6,10,1,5,True
engine_551,2021-08-12 10:28:18.054488,7,9,8,7,7,True
engine_552,2021-07-11 10:28:18.054488,7,10,10,4,3,True
engine_553,2017-11-28 10:28:18.054488,2,10,9,6,5,True
engine_554,2021-04-24 10:28:18.054488,4,6,7,1,3,False
engine_555,2021-11-18 10:28:18.054488,9,9,7,2,9,True
engine_556,2016-06-21 10:28:18.054488,5,10,10,5,9,True
engine_557,2019-08-11 10:28:18.054488,9,3,8,2,3,False
engine_558,2017-06-12 10:28:18.054488,2,10,2,7,3,True
engine_559,2023-12-28 10:28:18.054488,4,10,9,3,1,True
engine_560,2021-04-17 10:28:18.054488,3,2,6,3,8,True
engine_561,2022-08-05 10:28:18.054488,10,9,3,2,2,False
engine_562,2024-04-08 10:28:18.054488,2,4,2,9,9,True
engine_563,2017-11-27 10:28:18.054488,2,2,4,1,2,True
engine_564,2017-05-16 10:28:18.054488,1,8,1,3,7,True
engine_565,2020-05-28 10:28:18.054488,7,3,10,3,8,True
engine_566,2024-03-14 10:28:18.054488,2,6,2,7,9,True
engine_567,2017-06-17 10:28:18.054488,5,10,4,2,4,False
engine_568,2015-01-17 10:28:18.054488,3,9,1,1,3,True
engine_569,2021-02-27 10:28:18.054488,5,2,4,7,1,True
engine_570,2023-11-09 10:28:18.054488,1,4,3,4,7,True
engine_571,2023-03-12 10:28:18.054488,6,5,2,1,1,False
engine_572,2015-09-09 10:28:18.054488,9,5,5,4,5,False
engine_573,2021-03-17 10:28:18.054488,6,1,10,3,3,True
engine_574,2017-09-09 10:28:18.054488,9,1,7,1,5,True
engine_575,2022-07-30 10:28:18.054488,8,10,8,9,8,True
engine_576,2018-07-04 10:28:18.054488,10,5,4,1,10,True
engine_577,2016-05-01 10:28:18.054488,4,6,10,8,2,True
engine_578,2016-07-29 10:28:18.054488,10,8,10,10,1,True
engine_579,2018-09-23 10:28:18.054488,9,3,9,10,1,True
engine_580,2017-03-11 10:28:18.054488,7,6,5,10,1,True
engine_581,2019-11-15 10:28:18.054488,4,5,4,6,7,True
engine_582,2019-04-09 10:28:18.054488,2,6,4,7,10,True
engine_583,2019-02-04 10:28:18.054488,6,10,3,2,7,False
engine_584,2018-05-04 10:28:18.054488,2,5,9,7,8,True
engine_585,2019-04-14 10:28:18.054488,4,7,5,6,1,True
engine_586,2019-09-08 10:28:18.054488,2,9,1,10,6,True
engine_587,2020-10-08 10:28:18.054488,5,4,4,6,1,True
engine_588,2016-03-27 10:28:18.054488,10,2,3,6,4,True
engine_589,2015-12-03 10:28:18.054488,1,3,5,9,1,True
engine_590,2021-08-14 10:28:18.054488,8,6,2,10,2,True
engine_591,2022-07-18 10:28:18.054488,2,9,6,8,6,True
engine_592,2019-11-07 10:28:18.054488,7,2,2,4,6,True
engine_593,2021-11-04 10:28:18.054488,6,5,3,1,7,False
engine_594,2015-05-09 10:28:18.054488,6,1,3,7,1,True
engine_595,2016-06-17 10:28:18.054488,1,2,1,5,10,True
engine_596,2015-10-11 10:28:18.054488,3,10,9,2,5,True
engine_597,2017-04-02 10:28:18.054488,3,7,1,2,5,True
engine_598,2015-07-04 10:28:18.054488,4,1,2,2,6,True
engine_599,2024-04-08 10:28:18.054488,9,1,4,2,4,True
engine_600,2015-10-28 10:28:18.054488,2,7,3,8,3,True
engine_601,2022-06-25 10:28:18.054488,4,7,7,1,9,True
engine_602,2019-08-10 10:28:18.054488,5,9,2,1,9,True
engine_603,2015-01-08 10:28:18.054488,3,9,9,9,6,True
engine_604,2024-07-18 10:28:18.054488,3,7,5,4,9,True
engine_605,2016-03-12 10:28:18.054488,2,8,2,7,3,True
engine_606,2015-03-06 10:28:18.054488,7,3,10,4,7,True
engine_607,2023-11-08 10:28:18.054488,4,5,10,9,3,True
engine_608,2019-08-04 10:28:18.054488,1,7,5,8,7,True
engine_609,2021-03-24 10:28:18.054488,1,9,8,8,6,True
engine_610,2021-09-16 10:28:18.054488,5,3,1,2,4,False
engine_611,2022-11-22 10:28:18.054488,9,7,9,1,10,True
engine_612,2014-11-10 10:28:18.054488,6,1,3,3,3,True
engine_613,2024-07-26 10:28:18.054488,1,8,6,2,10,True
engine_614,2020-08-10 10:28:18.054488,6,10,5,7,4,True
engine_615,2020-01-30 10:28:18.054488,9,9,1,1,6,False
engine_616,2021-01-29 10:28:18.054488,4,4,10,4,5,True
engine_617,2018-08-20 10:28:18.054488,10,2,8,4,8,True
engine_618,2015-09-11 10:28:18.054488,4,7,10,9,3,True
engine_619,2021-09-02 10:28:18.054488,9,8,8,9,2,True
engine_620,2020-02-01 10:28:18.054488,10,3,4,7,10,True
engine_621,2017-11-03 10:28:18.054488,3,3,8,8,3,True
engine_622,2021-09-14 10:28:18.054488,7,9,6,2,5,False
engine_623,2017-05-29 10:28:18.054488,2,1,8,4,6,True
engine_624,2015-04-20 10:28:18.054488,4,2,6,9,10,True
engine_625,2020-04-15 10:28:18.054488,9,1,8,10,2,True
engine_626,2017-11-16 10:28:18.054488,5,2,2,8,7,True
engine_627,2024-07-11 10:28:18.054488,7,5,1,2,10,True
engine_628,2022-05-14 10:28:18.054488,4,10,2,1,1,False
engine_629,2020-11-24 10:28:18.054488,7,4,5,5,9,True
engine_630,2022-10-16 10:28:18.054488,5,7,6,2,10,True
engine_631,2016-10-10 10:28:18.054488,5,5,1,6,9,True
engine_632,2018-10-14 10:28:18.054488,2,9,10,7,4,True
engine_633,2017-05-01 10:28:18.054488,3,3,10,9,8,True
engine_634,2021-05-06 10:28:18.054488,6,10,6,5,7,False
engine_635,2019-01-29 10:28:18.054488,6,3,1,5,6,False
engine_636,2021-11-01 10:28:18.054488,8,1,2,4,6,True
engine_637,2018-01-24 10:28:18.054488,4,8,7,5,9,True
engine_638,2019-04-04 10:28:18.054488,9,5,2,8,8,True
engine_639,2021-01-17 10:28:18.054488,9,8,3,5,8,True
engine_640,2023-12-26 10:28:18.054488,7,1,8,4,6,True
engine_641,2018-02-01 10:28:18.054488,3,8,1,1,9,True
engine_642,2020-12-29 10:28:18.054488,6,3,5,4,10,True
engine_643,2017-03-24 10:28:18.054488,4,2,3,2,7,True
engine_644,2015-07-10 10:28:18.054488,1,8,2,10,7,True
engine_645,2019-01-30 10:28:18.054488,1,1,4,2,8,True
engine_646,2024-04-15 10:28:18.054488,1,8,4,3,7,True
engine_647,2018-10-14 10:28:18.054488,10,7,5,6,10,True
engine_648,2020-11-18 10:28:18.054488,3,6,6,4,1,True
engine_649,2015-10-13 10:28:18.054488,5,5,7,9,9,True
engine_650,2015-05-03 10:28:18.054488,2,1,1,2,2,True
engine_651,2021-03-27 10:28:18.054488,8,3,8,7,10,True
engine_652,2015-10-25 10:28:18.054488,10,4,9,1,5,True
engine_653,2017-03-22 10:28:18.054488,9,8,8,4,10,True
engine_654,2016-12-05 10:28:18.054488,5,7,2,1,2,False
engine_655,2015-05-29 10:28:18.054488,6,2,6,7,10,True
engine_656,2019-12-26 10:28:18.054488,6,10,2,10,6,True
engine_657,2018-05-24 10:28:18.054488,8,2,10,8,6,True
engine_658,2021-03-28 10:28:18.054488,4,10,9,4,4,True
engine_659,2022-07-19 10:28:18.054488,5,3,4,9,10,True
engine_660,2018-11-04 10:28:18.054488,10,2,3,1,8,True
engine_661,2023-07-27 10:28:18.054488,3,9,10,9,1,True
engine_662,2018-04-15 10:28:18.054488,7,1,2,3,8,True
engine_663,2014-11-25 10:28:18.054488,5,5,1,10,8,True
engine_664,2017-03-13 10:28:18.054488,5,5,9,2,5,True
engine_665,2016-01-28 10:28:18.054488,10,2,3,6,4,True
engine_666,2015-06-26 10:28:18.054488,9,7,6,10,8,True
engine_667,2019-10-27 10:28:18.054488,9,4,1,7,5,True
engine_668,2021-06-03 10:28:18.054488,6,5,9,10,10,True
engine_669,2024-04-19 10:28:18.054488,4,9,4,4,9,True
engine_670,2022-12-28 10:28:18.054488,1,7,4,3,7,True
engine_671,2015-10-17 10:28:18.054488,10,1,6,8,6,True
engine_672,2015-05-22 10:28:18.054488,4,7,4,6,9,True
engine_673,2018-09-05 10:28:18.054488,8,5,1,5,9,True
engine_674,2014-12-08 10:28:18.054488,10,5,2,10,9,True
engine_675,2015-10-17 10:28:18.054488,6,9,9,4,4,True
engine_676,2016-06-12 10:28:18.054488,10,4,6,1,8,True
engine_677,2023-09-27 10:28:18.054488,5,5,4,3,6,False
engine_678,2015-01-16 10:28:18.054488,2,5,3,1,10,True
engine_679,2021-09-23 10:28:18.054488,3,6,9,3,7,True
engine_680,2019-09-28 10:28:18.054488,1,1,9,1,10,True
engine_681,2021-08-19 10:28:18.054488,7,10,7,7,4,True
engine_682,2016-04-23 10:28:18.054488,6,8,10,2,6,True
engine_683,2022-08-16 10:28:18.054488,7,4,1,7,8,True
engine_684,2024-09-04 10:28:18.054488,10,7,9,9,5,True
engine_685,2015-08-23 10:28:18.054488,4,6,8,8,9,True
engine_686,2016-12-28 10:28:18.054488,1,9,1,1,9,True
engine_687,2020-05-31 10:28:18.054488,5,10,3,9,10,True
engine_688,2019-09-04 10:28:18.054488,1,7,8,1,7,True
engine_689,2015-06-07 10:28:18.054488,4,1,4,2,5,True
engine_690,2017-04-29 10:28:18.054488,4,10,7,10,3,True
engine_691,2021-03-24 10:28:18.054488,10,2,3,9,5,True
engine_692,2021-12-09 10:28:18.054488,8,1,4,10,1,True
engine_693,2020-09-29 10:28:18.054488,7,5,9,4,4,True
engine_694,2019-01-03 10:28:18.054488,10,7,1,7,6,True
engine_695,2019-03-17 10:28:18.054488,9,3,8,5,2,False
engine_696,2020-05-23 10:28:18.054488,1,3,1,6,8,True
engine_697,2016-05-13 10:28:18.054488,2,2,1,2,3,True
engine_698,2019-02-14 10:28:18.054488,10,7,6,10,7,True
engine_699,2014-11-23 10:28:18.054488,9,2,10,2,2,True
engine_700,2023-07-18 10:28:18.054488,6,6,1,3,4,False
engine_701,2017-08-12 10:28:18.054488,7,4,6,1,8,True
engine_702,2021-03-08 10:28:18.054488,2,1,8,8,9,True
engine_703,2014-11-06 10:28:18.054488,6,7,4,5,1,False
engine_704,2015-05-05 10:28:18.054488,6,9,6,8,4,True
engine_705,2020-03-10 10:28:18.054488,8,1,9,5,8,True
engine_706,2017-10-04 10:28:18.054488,1,1,4,7,7,True
engine_707,2022-04-17 10:28:18.054488,6,5,3,6,10,True
engine_708,2018-07-14 10:28:18.054488,10,2,9,10,7,True
engine_709,2024-05-03 10:28:18.054488,1,9,2,7,2,True
engine_710,2023-02-26 10:28:18.054488,10,9,4,5,6,False
engine_711,2023-11-15 10:28:18.054488,10,2,10,2,5,True
engine_712,2023-07-02 10:28:18.054488,2,7,5,7,5,True
engine_713,2022-08-09 10:28:18.054488,3,7,5,9,9,True
engine_714,2020-09-05 10:28:18.054488,5,7,3,8,6,True
engine_715,2018-06-07 10:28:18.054488,6,7,9,4,1,True
engine_716,2021-09-16 10:28:18.054488,3,8,1,3,2,True
engine_717,2023-10-22 10:28:18.054488,8,3,9,7,7,True
engine_718,2021-07-19 10:28:18.054488,7,8,10,4,10,True
engine_719,2023-03-08 10:28:18.054488,8,9,5,9,9,True
engine_720,2017-07-12 10:28:18.054488,4,9,1,8,3,True
engine_721,2017-11-05 10:28:18.054488,9,8,7,7,5,True
engine_722,2015-05-05 10:28:18.054488,3,10,4,4,10,True
engine_723,2020-06-23 10:28:18.054488,6,7,4,8,5,True
engine_724,2020-12-07 10:28:18.054488,7,4,9,2,6,True
engine_725,2024-10-20 10:28:18.054488,8,3,6,3,5,False
engine_726,2017-07-07 10:28:18.054488,8,8,5,4,6,False
engine_727,2021-01-30 10:28:18.054488,5,10,1,9,3,True
engine_728,2017-08-04 10:28:18.054488,8,6,6,7,3,True
engine_729,2020-04-19 10:28:18.054488,8,3,9,3,4,True
engine_730,2015-03-27 10:28:18.054488,9,7,8,10,4,True
engine_731,2015-02-03 10:28:18.054488,6,5,5,9,2,True
engine_732,2024-10-17 10:28:18.054488,4,5,6,6,6,True
engine_733,2016-03-27 10:28:18.054488,3,6,5,3,10,True
engine_734,2018-04-02 10:28:18.054488,9,9,9,4,4,True
engine_735,2018-10-11 10:28:18.054488,7,8,2,4,5,False
engine_736,2020-09-28 10:28:18.054488,5,10,1,1,5,False
engine_737,2021-11-29 10:28:18.054488,2,3,5,2,7,True
engine_738,2017-01-23 10:28:18.054488,10,5,6,3,9,True
engine_739,2016-06-20 10:28:18.054488,3,9,2,10,9,True
engine_740,2023-02-04 10:28:18.054488,4,8,7,6,1,True
engine_741,2023-08-05 10:28:18.054488,10,3,6,5,6,False
engine_742,2022-04-06 10:28:18.054488,7,2,6,3,3,True
engine_743,2016-04-03 10:28:18.054488,10,9,2,2,5,False
engine_744,2019-08-11 10:28:18.054488,3,9,1,10,9,True
engine_745,2020-06-27 10:28:18.054488,1,2,4,1,1,True
engine_746,2017-01-02 10:28:18.054488,3,10,6,10,2,True
engine_747,2018-10-13 10:28:18.054488,7,4,1,7,2,True
engine_748,2018-04-30 10:28:18.054488,8,5,8,6,8,True
engine_749,2021-11-10 10:28:18.054488,2,4,1,7,1,True
engine_750,2017-11-10 10:28:18.054488,8,1,6,2,4,True
engine_751,2024-06-19 10:28:18.054488,10,2,6,8,4,True
engine_752,2024-05-19 10:28:18.054488,3,2,2,1,3,True
engine_753,2024-04-09 10:28:18.054488,9,7,5,9,5,True
engine_754,2018-07-26 10:28:18.054488,10,7,10,3,10,True
engine_755,2015-12-26 10:28:18.054488,9,2,6,3,7,True
engine_756,2024-02-12 10:28:18.054488,2,5,6,7,9,True
engine_757,2016-05-05 10:28:18.054488,5,6,2,1,10,True
engine_758,2019-11-11 10:28:18.054488,4,4,10,5,5,True
engine_759,2018-04-03 10:28:18.054488,4,8,8,9,4,True
engine_760,2020-11-06 10:28:18.054488,10,4,9,6,5,True
engine_761,2016-09-06 10:28:18.054488,2,4,1,8,3,True
engine_762,2016-05-21 10:28:18.054488,10,10,6,5,10,True
engine_763,2021-04-06 10:28:18.054488,3,1,4,3,2,True
engine_764,2022-10-30 10:28:18.054488,3,6,8,5,3,True
engine_765,2023-05-23 10:28:18.054488,2,7,5,6,1,True
engine_766,2023-05-22 10:28:18.054488,3,9,9,4,3,True
engine_767,2016-08-27 10:28:18.054488,9,4,10,4,4,True
engine_768,2017-11-28 10:28:18.054488,5,4,3,9,10,True
engine_769,2020-01-26 10:28:18.054488,1,10,6,1,1,True
engine_770,2016-12-01 10:28:18.054488,3,3,2,1,7,True
engine_771,2018-11-07 10:28:18.054488,1,8,5,6,2,True
engine_772,2020-09-08 10:28:18.054488,4,2,1,2,6,True
engine_773,2019-10-26 10:28:18.054488,4,3,10,1,6,True
engine_774,2016-09-26 10:28:18.054488,10,1,6,3,2,True
engine_775,2016-01-27 10:28:18.054488,1,2,8,6,7,True
engine_776,2016-10-10 10:28:18.054488,10,8,6,9,9,True
engine_777,2021-12-27 10:28:18.054488,1,7,10,1,10,True
engine_778,2022-10-13 10:28:18.054488,5,7,6,2,1,False
engine_779,2020-06-22 10:28:18.054488,2,10,8,7,7,True
engine_780,2016-05-02 10:28:18.054488,4,10,9,10,2,True
engine_781,2024-04-06 10:28:18.054488,3,6,8,4,3,True
engine_782,2016-01-17 10:28:18.054488,1,9,4,6,4,True
engine_783,2022-05-26 10:28:18.054488,7,10,9,8,3,True
engine_784,2016-03-17 10:28:18.054488,1,8,10,3,2,True
engine_785,2023-03-22 10:28:18.054488,6,7,7,7,8,True
engine_786,2018-11-09 10:28:18.054488,3,5,5,7,1,True
engine_787,2018-05-26 10:28:18.054488,1,3,9,10,9,True
engine_788,2019-12-23 10:28:18.054488,4,10,10,2,5,True
engine_789,2019-07-07 10:28:18.054488,6,8,1,10,7,True
engine_790,2015-03-08 10:28:18.054488,3,4,8,1,3,True
engine_791,2024-02-09 10:28:18.054488,4,9,8,9,3,True
engine_792,2019-05-31 10:28:18.054488,3,6,4,4,5,True
engine_793,2022-10-26 10:28:18.054488,3,2,6,1,4,True
engine_794,2024-01-22 10:28:18.054488,2,1,8,7,4,True
engine_795,2017-05-23 10:28:18.054488,5,3,6,7,3,True
engine_796,2019-05-08 10:28:18.054488,3,8,4,3,9,True
engine_797,2018-08-30 10:28:18.054488,9,8,10,7,1,True
engine_798,2021-09-22 10:28:18.054488,10,8,5,5,3,False
engine_799,2019-03-30 10:28:18.054488,10,1,4,3,5,True
engine_800,2019-11-20 10:28:18.054488,1,1,4,1,10,True
engine_801,2017-04-24 10:28:18.054488,9,4,9,6,9,True
engine_802,2019-08-10 10:28:18.054488,1,2,5,2,4,True
engine_803,2021-09-26 10:28:18.054488,6,10,10,3,4,True
engine_804,2019-12-28 10:28:18.054488,4,9,4,8,4,True
engine_805,2021-08-22 10:28:18.054488,10,6,10,8,5,True
engine_806,2017-07-07 10:28:18.054488,8,6,2,4,10,True
engine_807,2023-04-23 10:28:18.054488,2,4,1,1,4,True
engine_808,2017-04-23 10:28:18.054488,7,1,9,9,7,True
engine_809,2016-07-09 10:28:18.054488,4,8,8,2,5,False
engine_810,2015-12-27 10:28:18.054488,3,3,2,3,4,True
engine_811,2018-04-09 10:28:18.054488,5,4,3,9,3,True
engine_812,2017-09-25 10:28:18.054488,9,8,8,7,3,True
engine_813,2023-10-13 10:28:18.054488,2,4,8,2,10,True
engine_814,2023-11-12 10:28:18.054488,8,6,6,3,7,False
engine_815,2016-06-08 10:28:18.054488,6,4,8,9,3,True
engine_816,2015-11-25 10:28:18.054488,9,5,2,2,4,False
engine_817,2019-11-14 10:28:18.054488,6,3,7,10,6,True
engine_818,2015-12-23 10:28:18.054488,7,8,7,4,5,False
engine_819,2018-03-04 10:28:18.054488,7,2,1,5,9,True
engine_820,2024-07-19 10:28:18.054488,3,7,9,1,7,True
engine_821,2024-08-28 10:28:18.054488,9,5,6,1,1,False
engine_822,2018-02-23 10:28:18.054488,10,3,1,1,6,False
engine_823,2014-12-07 10:28:18.054488,3,3,9,4,1,True
engine_824,2019-11-15 10:28:18.054488,9,7,8,9,5,True
engine_825,2015-07-04 10:28:18.054488,4,1,4,4,8,True
engine_826,2020-12-04 10:28:18.054488,10,9,2,5,3,False
engine_827,2015-02-21 10:28:18.054488,10,8,8,10,10,True
engine_828,2018-03-10 10:28:18.054488,1,1,4,8,6,True
engine_829,2018-09-20 10:28:18.054488,9,6,3,9,7,True
engine_830,2021-10-06 10:28:18.054488,10,1,7,4,3,True
engine_831,2017-03-12 10:28:18.054488,4,3,5,1,5,False
engine_832,2021-01-30 10:28:18.054488,3,1,7,9,8,True
engine_833,2015-10-24 10:28:18.054488,7,6,2,2,5,False
engine_834,2023-08-21 10:28:18.054488,6,8,8,8,4,True
engine_835,2021-08-20 10:28:18.054488,9,10,5,3,9,True
engine_836,2020-11-26 10:28:18.054488,5,9,5,5,7,False
engine_837,2016-02-17 10:28:18.054488,9,2,3,9,5,True
engine_838,2020-12-31 10:28:18.054488,6,4,1,3,9,True
engine_839,2019-04-05 10:28:18.054488,7,4,1,9,1,True
engine_840,2022-08-30 10:28:18.054488,8,2,2,3,8,True
engine_841,2018-01-21 10:28:18.054488,10,9,1,6,8,True
engine_842,2016-08-13 10:28:18.054488,3,4,4,4,7,True
engine_843,2023-12-23 10:28:18.054488,4,7,2,1,10,True
engine_844,2016-03-31 10:28:18.054488,9,6,7,1,4,False
engine_845,2017-03-03 10:28:18.054488,4,10,10,8,6,True
engine_846,2021-02-18 10:28:18.054488,5,6,5,5,2,False
engine_847,2018-09-17 10:28:18.054488,4,1,2,5,10,True
engine_848,2024-03-24 10:28:18.054488,7,10,10,1,1,True
engine_849,2018-01-25 10:28:18.054488,5,10,10,5,3,True
engine_850,2019-09-09 10:28:18.054488,8,5,5,5,5,False
engine_851,2015-07-18 10:28:18.054488,3,4,3,8,6,True
engine_852,2015-04-18 10:28:18.054488,3,1,7,6,4,True
engine_853,2020-01-12 10:28:18.054488,4,4,9,3,2,True
engine_854,2024-03-18 10:28:18.054488,8,7,6,5,1,False
engine_855,2015-02-13 10:28:18.054488,2,6,8,9,10,True
engine_856,2015-12-14 10:28:18.054488,5,5,4,8,2,True
engine_857,2021-01-05 10:28:18.054488,8,6,4,2,9,True
engine_858,2015-04-12 10:28:18.054488,8,8,2,6,1,True
engine_859,2024-10-17 10:28:18.054488,7,2,4,2,9,True
engine_860,2024-06-05 10:28:18.054488,7,7,10,4,5,True
engine_861,2021-03-14 10:28:18.054488,2,2,6,4,9,True
engine_862,2022-11-01 10:28:18.054488,4,2,5,8,8,True
engine_863,2015-01-29 10:28:18.054488,7,2,8,7,10,True
engine_864,2021-03-10 10:28:18.054488,1,3,4,1,6,True
engine_865,2022-06-11 10:28:18.054488,8,6,3,5,3,False
engine_866,2021-12-16 10:28:18.054488,6,4,10,5,10,True
engine_867,2022-08-04 10:28:18.054488,1,5,2,6,6,True
engine_868,2023-09-14 10:28:18.054488,1,6,2,2,6,True
engine_869,2016-09-20 10:28:18.054488,6,6,5,1,4,False
engine_870,2021-11-21 10:28:18.054488,1,3,7,6,8,True
engine_871,2020-11-27 10:28:18.054488,10,6,8,9,9,True
engine_872,2016-04-26 10:28:18.054488,8,10,9,3,10,True
engine_873,2017-02-24 10:28:18.054488,6,3,1,1,2,False
engine_874,2022-08-30 10:28:18.054488,6,8,3,2,10,True
engine_875,2017-02-25 10:28:18.054488,1,3,9,4,3,True
engine_876,2020-01-25 10:28:18.054488,7,6,5,3,6,False
engine_877,2021-09-09 10:28:18.054488,5,1,5,6,2,True
engine_878,2017-03-30 10:28:18.054488,10,3,1,6,1,True
engine_879,2015-09-17 10:28:18.054488,3,6,10,8,10,True
engine_880,2018-10-13 10:28:18.054488,8,5,4,6,10,True
engine_881,2021-12-23 10:28:18.054488,5,1,10,8,2,True
engine_882,2021-10-05 10:28:18.054488,6,8,3,9,9,True
engine_883,2017-10-12 10:28:18.054488,3,4,8,7,7,True
engine_884,2023-04-07 10:28:18.054488,2,6,4,4,5,True
engine_885,2017-06-15 10:28:18.054488,9,1,1,1,10,True
engine_886,2024-03-14 10:28:18.054488,8,7,7,2,3,False
engine_887,2023-12-31 10:28:18.054488,6,3,10,3,9,True
engine_888,2018-09-22 10:28:18.054488,1,7,6,10,8,True
engine_889,2018-09-24 10:28:18.054488,3,4,5,9,5,True
engine_890,2021-09-28 10:28:18.054488,6,6,1,3,7,False
engine_891,2018-01-31 10:28:18.054488,1,2,2,7,6,True
engine_892,2020-12-15 10:28:18.054488,9,8,9,8,7,True
engine_893,2018-10-12 10:28:18.054488,4,2,9,5,8,True
engine_894,2021-05-12 10:28:18.054488,6,5,2,5,5,False
engine_895,2022-06-25 10:28:18.054488,1,9,2,3,8,True
engine_896,2016-04-29 10:28:18.054488,8,9,3,2,3,False
engine_897,2017-06-28 10:28:18.054488,7,9,4,4,8,True
engine_898,2020-04-02 10:28:18.054488,6,5,9,5,1,True
engine_899,2019-07-12 10:28:18.054488,9,4,6,10,6,True
engine_900,2019-01-31 10:28:18.054488,10,10,2,2,7,False
engine_901,2024-06-28 10:28:18.054488,2,9,10,10,6,True
engine_902,2018-01-19 10:28:18.054488,5,9,2,4,4,False
engine_903,2021-08-24 10:28:18.054488,8,6,5,5,1,False
engine_904,2016-03-07 10:28:18.054488,2,8,3,4,8,True
engine_905,2015-06-05 10:28:18.054488,8,3,2,4,4,False
engine_906,2015-05-23 10:28:18.054488,9,8,8,7,6,True
engine_907,2021-02-18 10:28:18.054488,5,1,1,9,3,True
engine_908,2019-05-31 10:28:18.054488,1,3,5,5,3,True
engine_909,2023-12-26 10:28:18.054488,1,2,5,6,6,True
engine_910,2023-04-23 10:28:18.054488,1,8,7,7,7,True
engine_911,2016-02-07 10:28:18.054488,5,9,9,10,8,True
engine_912,2021-07-24 10:28:18.054488,2,6,10,5,5,True
engine_913,2017-10-01 10:28:18.054488,1,6,7,4,10,True
engine_914,2023-08-23 10:28:18.054488,2,1,7,9,2,True
engine_915,2020-09-18 10:28:18.054488,1,4,5,2,5,True
engine_916,2022-10-16 10:28:18.054488,6,2,2,8,4,True
engine_917,2024-07-11 10:28:18.054488,5,1,7,1,8,True
engine_918,2018-06-09 10:28:18.054488,5,8,4,10,7,True
engine_919,2014-11-23 10:28:18.054488,3,4,2,5,5,True
engine_920,2016-04-24 10:28:18.054488,1,6,4,6,8,True
engine_921,2015-10-22 10:28:18.054488,9,1,5,8,8,True
engine_922,2017-06-04 10:28:18.054488,5,2,6,10,3,True
engine_923,2020-03-12 10:28:18.054488,8,1,8,10,10,True
engine_924,2016-06-26 10:28:18.054488,8,10,9,7,7,True
engine_925,2024-06-16 10:28:18.054488,2,4,8,10,4,True
engine_926,2023-05-15 10:28:18.054488,3,3,10,5,5,True
engine_927,2015-05-02 10:28:18.054488,9,4,7,8,3,True
engine_928,2016-12-09 10:28:18.054488,3,6,9,3,9,True
engine_929,2018-05-24 10:28:18.054488,8,6,3,9,7,True
engine_930,2021-07-03 10:28:18.054488,2,6,4,9,10,True
engine_931,2023-06-26 10:28:18.054488,8,1,4,1,4,True
engine_932,2020-08-24 10:28:18.054488,3,10,7,9,10,True
engine_933,2016-05-08 10:28:18.054488,3,8,1,7,10,True
engine_934,2016-06-04 10:28:18.054488,5,2,6,4,9,True
engine_935,2022-03-28 10:28:18.054488,5,3,9,5,8,True
engine_936,2016-12-05 10:28:18.054488,6,4,7,6,2,True
engine_937,2016-09-17 10:28:18.054488,8,5,5,9,7,True
engine_938,2021-11-26 10:28:18.054488,4,9,3,2,3,False
engine_939,2019-09-19 10:28:18.054488,7,7,9,9,3,True
engine_940,2023-12-21 10:28:18.054488,1,9,3,10,6,True
engine_941,2022-11-15 10:28:18.054488,8,5,2,7,5,True
engine_942,2016-11-08 10:28:18.054488,2,7,2,2,8,True
engine_943,2016-11-27 10:28:18.054488,5,10,2,8,1,True
engine_944,2021-09-02 10:28:18.054488,9,9,7,5,5,False
engine_945,2024-09-09 10:28:18.054488,9,10,9,10,5,True
engine_946,2022-04-20 10:28:18.054488,9,5,8,9,5,True
engine_947,2015-10-16 10:28:18.054488,2,3,2,8,6,True
engine_948,2020-04-29 10:28:18.054488,9,2,2,9,3,True
engine_949,2022-08-19 10:28:18.054488,1,5,3,5,5,True
engine_950,2020-11-30 10:28:18.054488,1,9,10,1,4,True
engine_951,2020-03-23 10:28:18.054488,6,7,7,6,8,True
engine_952,2024-10-18 10:28:18.054488,9,1,4,10,8,True
engine_953,2019-06-03 10:28:18.054488,4,8,7,1,3,False
engine_954,2019-10-11 10:28:18.054488,4,8,9,4,1,True
engine_955,2024-01-14 10:28:18.054488,9,10,4,7,2,True
engine_956,2024-06-10 10:28:18.054488,5,7,3,1,5,False
engine_957,2022-12-06 10:28:18.054488,3,4,3,10,5,True
engine_958,2022-05-04 10:28:18.054488,6,9,5,3,3,False
engine_959,2022-11-21 10:28:18.054488,10,7,6,1,6,False
engine_960,2019-06-09 10:28:18.054488,1,10,2,2,10,True
engine_961,2016-01-26 10:28:18.054488,7,1,8,8,2,True
engine_962,2016-08-02 10:28:18.054488,4,7,2,9,9,True
engine_963,2021-08-30 10:28:18.054488,10,2,2,2,8,True
engine_964,2015-03-02 10:28:18.054488,8,1,10,8,4,True
engine_965,2019-11-02 10:28:18.054488,2,2,10,4,9,True
engine_966,2017-09-22 10:28:18.054488,10,4,3,3,6,False
engine_967,2021-05-10 10:28:18.054488,6,1,5,6,3,True
engine_968,2017-09-19 10:28:18.054488,9,5,7,5,8,True
engine_969,2019-10-27 10:28:18.054488,2,6,10,1,10,True
engine_970,2023-10-14 10:28:18.054488,7,4,9,8,8,True
engine_971,2022-06-23 10:28:18.054488,10,8,5,6,7,True
engine_972,2020-04-18 10:28:18.054488,8,6,7,4,7,False
engine_973,2020-11-18 10:28:18.054488,7,3,7,1,10,True
engine_974,2019-12-05 10:28:18.054488,2,4,1,2,7,True
engine_975,2021-12-25 10:28:18.054488,3,6,8,3,5,True
engine_976,2020-11-15 10:28:18.054488,4,7,3,4,2,False
engine_977,2018-01-01 10:28:18.054488,7,10,7,8,8,True
engine_978,2021-11-23 10:28:18.054488,6,3,2,10,1,True
engine_979,2018-11-05 10:28:18.054488,8,10,10,9,6,True
engine_980,2020-03-26 10:28:18.054488,4,3,2,5,3,False
engine_981,2018-06-15 10:28:18.054488,2,1,3,1,10,True
engine_982,2014-12-07 10:28:18.054488,1,8,3,10,6,True
engine_983,2020-10-27 10:28:18.054488,3,6,9,3,7,True
engine_984,2021-09-03 10:28:18.054488,4,6,8,5,5,False
engine_985,2021-04-11 10:28:18.054488,10,5,5,4,9,True
engine_986,2019-08-05 10:28:18.054488,6,7,7,9,7,True
engine_987,2018-03-08 10:28:18.054488,3,5,5,8,7,True
engine_988,2017-02-13 10:28:18.054488,6,6,5,9,10,True
engine_989,2020-01-29 10:28:18.054488,1,4,7,6,3,True
engine_990,2015-08-27 10:28:18.054488,6,7,10,3,6,True
engine_991,2019-06-20 10:28:18.054488,8,4,7,9,8,True
engine_992,2020-02-07 10:28:18.054488,3,6,5,6,8,True
engine_993,2023-12-04 10:28:18.054488,9,3,4,8,6,True
engine_994,2021-02-03 10:28:18.054488,4,6,3,7,10,True
engine_995,2024-07-15 10:28:18.054488,1,9,10,5,2,True
engine_996,2019-01-20 10:28:18.054488,8,8,6,5,2,False
engine_997,2018-01-18 10:28:18.054488,5,10,6,9,10,True
engine_998,2018-01-15 10:28:18.054488,4,7,10,2,2,True
engine_999,2021-03-05 10:28:18.054488,4,7,3,3,5,False
